"createdAt","updatedAt","blogId","tagId"
2024-12-03 15:48:40.526 +0700,2024-12-03 15:48:40.526 +0700,1,1
2024-12-03 15:48:40.526 +0700,2024-12-03 15:48:40.526 +0700,1,2
2024-12-03 15:48:40.526 +0700,2024-12-03 15:48:40.526 +0700,1,3
2024-12-03 15:48:40.526 +0700,2024-12-03 15:48:40.526 +0700,2,1
2024-12-03 15:48:40.526 +0700,2024-12-03 15:48:40.526 +0700,2,4
2024-12-03 15:48:40.526 +0700,2024-12-03 15:48:40.526 +0700,3,1
2024-12-03 15:48:40.526 +0700,2024-12-03 15:48:40.526 +0700,4,2
2024-12-03 15:48:40.526 +0700,2024-12-03 15:48:40.526 +0700,5,3
2024-12-03 15:48:40.526 +0700,2024-12-03 15:48:40.526 +0700,6,4
